Workbook

Sheet How to Fill
A1: How to Write an Attribute List
A2: An Attribute List (AL) lists every behavior of the module that verification must prove. It is written from the spec, BEFORE the Verification Plan and the environment: the VP (stimulus scenarios, checkers, coverage) is built from the AL.
A4: Column | B4: Meaning
A5: ID | B5: Unique attribute ID (group prefix + number). Referenced from the VP and from test logs.
A6: Group | B6: Logical grouping of attributes (by feature, lane, attribute type, …).
A7: Attribute (The module shall … when …) | B7: What the module does, written as an observable behavior triggered by a stimulus: "The module shall … when …".
A8: Notes / Assumptions | B8: Constraints, parameters, and assumptions the attribute depends on.
A9: Test Case (standard & corner cases) | B9: The concrete scenarios that must be exercised — standard cases and corner cases. One row per case.
A10: Priority | B10: High / Medium / Low — trade-off between importance and development time.
A11: Implemented (V / X) | B11: V = the scenario is implemented in the verification environment (stimulus + checker). X = not yet.
A12: Checked (V / X) | B12: V = the scenario was actually hit and measured by functional coverage. X = not yet. (Both status columns stay X when the AL is first written — they are filled in later, during verification.)
A14: Writing good attributes
A15: • System assumptions: conditions the module cannot work without (e.g. valid interfaces, legal parameter ranges). They are not stimulated, but the environment must respect them.
A16: • Attributes describe what the module DOES in response to a stimulus — phrase them as "The module shall … when …".
A17: • Group attributes by common sense: by lane, by feature, by attribute type, etc. Give each group an ID prefix (e.g. LCK, SIZ, PAR).
A18: • Split every attribute into concrete test cases, one per row: the standard case plus every corner case (min, min+1, max-1, max, out-of-range, error injection).
A19: • Priority reflects the trade-off between importance and development time: High = must have for sign-off, Medium = should have, Low = nice to have.
A20: • Implemented (V/X): the scenario is generated and checked in the environment. Checked (V/X): functional coverage shows the scenario was actually hit.
A21: • Keep the AL independent of the verification environment: describe behavior and scenarios in spec terms only (no coverpoints, sequences or test knobs) — those belong in the VP.
A22: • Write each test case so it can later become one VP item: a clear stimulus and the expected module response.

Sheet Summary
A1: Verification Progress Summary
A2: All numbers are live formulas over the 'AL Template' sheet — they update when you change V / X.
A4: Group | B4: Test Cases | C4: Implemented | D4: % Impl. | E4: Checked | F4: % Checked
A5: System assumptions | B5: =COUNTIFS('AL Template'!$I$6:$I$17,"SYS",'AL Template'!$E$6:$E$17,"<>") | C5: =COUNTIFS('AL Template'!$I$6:$I$17,"SYS",'AL Template'!$G$6:$G$17,"V") | D5: =IF(B5=0,0,C5/B5) | E5: =COUNTIFS('AL Template'!$I$6:$I$17,"SYS",'AL Template'!$H$6:$H$17,"V") | F5: =IF(B5=0,0,E5/B5)
A6: Attribute group 1 | B6: =COUNTIFS('AL Template'!$I$6:$I$17,"GR1",'AL Template'!$E$6:$E$17,"<>") | C6: =COUNTIFS('AL Template'!$I$6:$I$17,"GR1",'AL Template'!$G$6:$G$17,"V") | D6: =IF(B6=0,0,C6/B6) | E6: =COUNTIFS('AL Template'!$I$6:$I$17,"GR1",'AL Template'!$H$6:$H$17,"V") | F6: =IF(B6=0,0,E6/B6)
A7: Attribute group 2 | B7: =COUNTIFS('AL Template'!$I$6:$I$17,"GR2",'AL Template'!$E$6:$E$17,"<>") | C7: =COUNTIFS('AL Template'!$I$6:$I$17,"GR2",'AL Template'!$G$6:$G$17,"V") | D7: =IF(B7=0,0,C7/B7) | E7: =COUNTIFS('AL Template'!$I$6:$I$17,"GR2",'AL Template'!$H$6:$H$17,"V") | F7: =IF(B7=0,0,E7/B7)
A8: Message size (example) | B8: =COUNTIFS('AL Template'!$I$6:$I$17,"MSG",'AL Template'!$E$6:$E$17,"<>") | C8: =COUNTIFS('AL Template'!$I$6:$I$17,"MSG",'AL Template'!$G$6:$G$17,"V") | D8: =IF(B8=0,0,C8/B8) | E8: =COUNTIFS('AL Template'!$I$6:$I$17,"MSG",'AL Template'!$H$6:$H$17,"V") | F8: =IF(B8=0,0,E8/B8)
A9: TOTAL | B9: =SUM(B5:B8) | C9: =SUM(C5:C8) | D9: =IF(B9=0,0,C9/B9) | E9: =SUM(E5:E8) | F9: =IF(B9=0,0,E9/B9)

Sheet AL Template
A1: Attribute List (AL) — Template & Example
A2: Written from the spec before the VP. Replace the placeholder rows; keep the worked example as a reference for the expected level of detail.
E3: PRIORITY | F3: High | G3: Medium | H3: Low
E4: STATUS (Implemented / Checked) | G4: V • Done | H4: X • Not done
A5: ID | B5: Group | C5: Attribute (The module shall … when …) | D5: Notes / Assumptions | E5: Test Case (standard & corner cases) | F5: Priority | G5: Implemented (V / X) | H5: Checked (V / X)
A6: SYSTEM — Assumptions (the module cannot work correctly without these)
A7: SYS-01 | B7: System assumptions | C7: The input and output interfaces are valid. | D7: e.g. interface of type XX. | E7: Assumption — not stimulated | F7: High | I7: SYS
A8: ATTRIBUTES — Add groups by reasonable division (by lane, feature, attribute type, …)
A9: GR1-01 | B9: Attribute group 1 | C9: The module shall … when … | E9: <case> | F9: High | G9: V | H9: V | I9: GR1
A10: GR2-01 | B10: Attribute group 2 | C10: The module shall … when … | E10: <case> | F10: Medium | G10: V | H10: V | I10: GR2
A11: GR2-02 | B11: Attribute group 2 | C11: The module shall … when … | E11: <case> | F11: Low | G11: V | H11: X | I11: GR2
A12: WORKED EXAMPLE — a complete attribute with standard and corner cases
A13: MSG-01 | B13: Message size | C13: The module shall drop packets whose size is outside the range defined by the parameters. | D13: Range set by parameters MIN_MSG_SIZE_IN_BYTES and MAX_MSG_SIZE_IN_BYTES. | E13: Packet smaller than MIN (MIN-1) → dropped [corner] | F13: High | G13: V | H13: V | I13: MSG
E14: Packet exactly MIN → accepted [corner] | F14: Medium | G14: V | H14: V | I14: MSG
E15: Packet between MIN+1 and MAX-1 → accepted [standard] | F15: High | G15: V | H15: V | I15: MSG
E16: Packet exactly MAX → accepted [corner] | F16: Medium | G16: V | H16: V | I16: MSG
E17: Packet larger than MAX (MAX+1) → dropped [corner] | F17: High | G17: V | H17: V | I17: MSG
